,1053.0,2408.0,3190.0,4070.0,5061.0,6088.0,7186.0,8105.0,9122.0,10387.0,11069.0,12202.0,13055.0,14118.0,15014.0,16015.0,17300.0,18033.0,19272.0,21231.0,22278.0,23096.0,24322.0,25056.0,26362.0,27229.0,28085.0,29232.0,30189.0,31555.0,32013.0,33063.0,34172.0,35238.0,36044.0,37261.0,38185.0,39300.0,40192.0,41018.0,42218.0,43157.0,44109.0,45234.0,46042.0,47001.0,48095.0,49007.0,50502.0,51108.0,52121.0,53130.0,54395.0,55029.0,56260.0,57463.0,58194.0,59350.0,60057.0,61001.0,62041.0,63113.0,64445.0,65440.0,66136.0,67482.0,68066.0,69123.0,70550.0,71270.0,72181.0,73065.0,74010.0,75056.0,76540.0,77288.0,78646.0,79191.0,80021.0,81004.0,82121.0,83137.0,84007.0,85191.0,86194.0,87085.0,88160.0,89024.0,90010.0,91228.0,92050.0,93008.0,94028.0,95500.0
1053.0,1.0,508.698,173.611,345.101,267.743,549.216,219.637,522.266,610.358,330.992,524.827,480.291,391.107,656.13,392.675,478.574,682.089,272.293,402.548,159.762,834.26,307.033,504.717,177.079,180.205,517.111,475.654,950.131,329.122,615.397,694.57,629.823,379.024,735.269,338.238,537.944,170.697,74.057,757.188,483.244,140.437,211.584,665.794,430.466,532.87,666.736,299.479,579.556,727.95,404.684,255.077,667.416,363.235,340.952,769.82,413.512,229.793,647.054,508.362,634.236,621.262,243.029,805.95,763.136,529.032,414.973,343.437,79.804,218.295,37.558,593.815,162.64,128.975,430.196,554.552,382.799,430.055,621.038,563.991,550.549,582.85,456.556,305.521,668.56,448.744,394.593,341.133,265.638,265.522,397.873,437.692,436.86,426.397,463.92
2408.0,509.981,1.0,436.307,840.706,763.349,1019.876,690.296,103.896,894.793,190.225,901.169,790.807,861.766,372.77,689.937,582.599,603.541,379.619,608.891,362.851,601.792,516.295,619.686,442.845,650.864,226.561,222.763,697.241,799.782,809.985,847.279,716.817,849.683,482.379,401.423,372.009,666.302,445.365,844.866,317.309,611.096,682.244,514.649,264.531,707.69,841.557,722.125,428.411,444.59,110.227,277.564,414.526,271.576,175.451,594.111,255.164,377.135,154.093,178.429,324.341,128.3,554.775,916.476,961.83,999.692,414.354,479.238,552.378,378.756,484.038,340.924,658.245,631.157,141.282,237.941,169.122,155.268,542.49,125.527,814.076,757.671,927.216,776.18,555.295,472.835,524.768,338.073,267.601,449.531,170.738,145.102,126.121,142.343,151.763
3190.0,175.416,432.02,1.0,491.58,414.223,660.994,331.415,511.094,538.405,320.126,523.032,338.117,502.885,527.1,250.501,314.806,472.499,100.076,220.982,202.091,610.595,143.266,323.15,263.432,291.983,388.081,318.45,680.523,440.9,453.597,490.891,448.256,429.496,493.011,174.471,262.073,317.176,236.507,575.621,210.724,181.719,221.145,456.203,221.735,351.303,485.17,269.435,369.965,598.92,416.83,307.52,443.752,415.678,393.395,560.23,465.955,57.577,516.566,379.333,410.572,477.15,102.085,646.639,603.824,527.237,501.326,429.789,193.497,304.647,140.753,355.919,309.119,305.564,301.167,425.522,253.769,301.026,411.447,434.962,408.375,401.283,568.334,417.299,458.969,284.977,230.825,393.576,176.825,351.875,268.844,308.663,307.83,297.368,334.89
4070.0,344.032,838.725,487.27,1.0,87.041,150.559,299.877,852.293,490.457,661.019,404.926,430.805,139.242,978.221,514.88,849.317,914.773,618.25,603.313,479.675,1116.839,603.687,762.51,512.589,305.859,839.202,797.745,1186.767,213.756,495.496,574.669,738.125,259.123,999.255,634.892,768.317,180.918,409.566,675.894,716.968,330.868,392.288,962.447,752.557,606.125,608.478,357.38,876.209,1050.041,734.712,585.104,949.996,693.262,670.979,1066.474,743.539,543.452,977.081,830.454,916.816,951.289,443.794,686.049,643.234,409.131,750.483,678.946,282.681,553.805,358.462,862.163,238.802,286.847,752.288,876.643,704.89,752.146,916.806,886.083,456.032,546.262,193.23,195.771,1026.795,745.398,781.533,671.16,587.729,601.032,719.965,759.784,758.951,748.488,786.011
5061.0,266.651,761.344,409.889,88.665,1.0,289.798,167.754,774.912,532.307,583.638,446.776,472.656,181.093,900.841,556.731,716.062,956.623,540.869,525.932,402.294,1039.458,526.306,628.101,435.208,162.67,761.821,720.364,1109.386,255.606,537.346,616.52,779.976,300.973,921.874,557.511,690.936,103.537,332.186,717.744,639.587,253.487,255.382,885.066,675.177,647.976,650.328,399.23,798.828,972.66,657.331,507.723,872.615,615.881,593.598,989.093,666.158,466.071,899.7,753.073,839.435,873.908,366.413,727.9,685.085,450.981,673.102,601.566,205.3,476.424,281.081,784.782,161.421,209.466,674.907,799.262,627.51,674.766,840.31,808.702,497.882,588.113,235.081,237.621,887.832,668.017,610.767,593.779,510.348,523.652,642.584,682.403,681.571,671.108,708.631
6088.0,549.239,1018.836,659.485,151.66,288.243,1.0,365.32,1032.404,555.901,841.13,470.369,496.249,198.266,1158.332,580.324,914.761,980.217,805.516,656.936,659.786,1304.106,790.953,827.954,717.796,371.303,1019.313,977.856,1376.721,279.2,560.939,640.113,803.569,324.566,1186.522,822.158,955.583,466.147,614.774,741.338,904.234,489.904,457.731,1144.159,915.246,671.569,673.921,422.824,1063.475,1230.152,914.823,765.215,1137.262,873.373,851.09,1256.428,923.65,723.563,1157.192,1010.565,1104.082,1131.4,631.06,751.493,708.678,474.574,785.142,713.606,471.386,759.012,538.573,1049.429,480.215,528.26,932.399,1056.754,885.002,932.258,982.249,1066.194,521.475,611.706,148.692,261.215,1092.239,932.664,846.976,851.271,767.84,724.445,900.076,939.895,939.062,928.6,966.122
7186.0,220.277,689.874,330.522,298.96,165.987,365.243,1.0,703.441,426.385,512.168,340.854,240.444,207.133,829.37,255.152,576.292,850.701,401.098,386.162,330.823,899.688,386.535,488.33,388.834,42.34,690.35,648.893,969.616,145.149,431.424,510.597,674.053,195.051,782.104,417.74,551.165,137.184,285.811,611.822,499.816,160.941,94.32,745.295,510.828,350.795,544.406,136.262,659.058,901.19,585.86,436.253,732.844,544.411,522.127,849.322,594.688,394.6,828.23,681.602,699.664,802.437,219.377,621.977,579.162,345.059,626.727,555.191,142.423,430.049,209.61,645.011,194.218,251.396,603.436,727.791,556.039,603.295,700.539,737.231,310.701,482.19,272.583,121.547,748.062,528.246,470.996,522.308,438.878,477.277,571.113,610.932,610.1,599.637,637.16
8105.0,523.753,96.442,511.446,854.479,777.121,1033.648,704.069,1.0,984.05,203.998,990.426,880.064,875.539,470.05,779.193,671.856,692.798,468.876,698.148,376.624,670.626,605.551,708.943,456.617,664.637,331.031,312.02,786.498,813.554,899.242,936.536,806.074,863.456,571.636,490.68,461.266,680.075,459.137,934.122,406.566,624.869,696.016,603.906,353.788,796.947,930.814,811.382,517.668,541.87,123.999,291.337,503.782,257.827,140.409,683.368,203.842,452.274,210.598,286.734,470.603,236.606,644.032,1005.733,1051.087,1013.464,363.247,428.131,566.151,392.529,497.81,430.181,672.018,644.93,230.584,346.247,244.262,253.247,631.746,233.833,903.332,846.927,940.988,789.953,644.551,562.092,614.025,330.369,281.373,437.363,245.877,251.506,228.304,227.089,262.105
9122.0,610.967,894.721,554.892,489.808,530.741,556.091,427.048,984.973,1.0,841.902,87.746,232.289,397.981,926.204,316.638,441.167,506.623,563.894,329.327,721.514,880.385,459.531,354.36,779.524,433.03,796.94,708.478,903.127,285.133,87.345,166.519,329.975,234.726,784.292,492.523,672.439,527.874,676.501,279.637,628.74,551.632,422.788,670.565,639.752,197.975,200.327,337.154,720.101,932.54,938.606,826.943,798.632,935.101,912.817,782.834,985.378,617.602,979.267,842.443,820.938,939.851,460.04,197.153,154.338,138.615,1017.418,945.882,533.114,820.74,600.301,766.284,584.909,642.086,763.868,870.184,777.481,757.085,508.655,898.072,158.926,138.112,463.431,324.755,618.645,574.082,373.383,912.999,694.178,867.967,751.365,764.722,770.532,760.054,792.536
10387.0,333.134,189.688,319.851,663.859,586.502,843.029,513.45,203.255,840.865,1.0,818.64,663.02,684.919,405.773,575.404,528.671,549.613,269.113,554.963,186.004,582.828,462.367,565.758,265.998,474.017,266.754,224.222,698.699,622.935,756.057,793.351,662.889,672.837,483.837,347.495,318.081,489.455,268.518,790.938,263.382,434.25,505.397,516.107,210.603,653.763,787.629,594.338,429.87,477.593,85.674,100.717,415.984,186.431,115.377,595.57,252.332,260.68,328.043,257.817,382.805,302.251,426.988,862.548,907.902,822.845,411.522,317.048,375.532,201.91,307.191,342.383,481.398,454.31,169.562,304.195,123.806,179.698,488.562,299.478,760.148,703.743,750.369,599.333,556.753,418.907,470.84,225.836,75.121,272.684,144.977,187.336,175.89,155.159,209.691
11069.0,525.34,900.452,539.55,404.18,445.114,470.463,341.42,1008.504,88.038,817.23,1.0,238.02,312.354,931.935,322.368,446.897,512.354,569.625,335.058,635.886,886.116,465.262,360.091,693.897,347.403,802.671,714.209,908.858,199.506,93.076,172.25,335.706,149.098,790.023,498.254,678.17,442.247,590.874,273.475,634.471,466.004,375.461,676.296,645.482,203.706,206.058,289.827,725.832,938.271,890.923,741.315,804.363,849.473,827.19,788.565,899.751,602.259,984.998,848.173,826.668,945.582,428.184,283.63,240.815,113.987,931.79,860.254,447.486,735.112,514.673,772.015,499.281,556.458,769.599,875.915,783.212,762.816,514.386,903.802,164.657,143.843,377.803,239.127,624.376,579.813,379.114,827.371,743.941,782.34,757.096,770.453,776.263,765.785,798.267
12202.0,480.046,789.769,354.714,430.974,471.908,497.257,240.606,880.021,232.387,679.973,238.763,1.0,339.147,828.902,91.814,320.609,561.054,425.07,153.613,566.57,785.563,340.516,235.344,627.911,374.196,691.988,603.526,808.306,226.299,148.944,229.297,384.406,172.22,689.471,373.508,575.137,469.041,541.137,364.603,523.788,259.797,190.626,575.743,534.799,113.246,254.759,104.992,683.029,897.676,776.677,671.999,756.815,780.158,757.874,688.012,830.435,417.424,874.315,737.49,723.636,834.899,243.349,350.199,307.384,269.961,865.805,794.268,401.286,669.127,445.357,668.983,403.912,442.891,658.916,765.232,613.617,652.133,418.49,793.119,70.989,130.878,404.597,265.921,523.823,375.856,254.367,758.055,536.673,716.354,646.412,659.77,665.58,655.102,687.584
13055.0,392.02,861.617,502.266,139.619,180.553,199.201,208.101,875.185,398.682,683.911,313.15,339.03,1.0,1001.113,423.105,757.542,822.997,648.297,499.717,502.567,1146.887,633.734,670.735,560.577,214.084,862.094,820.637,1219.502,121.981,403.72,482.894,646.35,167.347,1029.302,664.939,798.364,308.928,457.555,584.119,747.015,332.685,300.512,986.94,758.027,514.35,516.702,265.604,906.256,1072.933,757.604,607.996,980.043,716.154,693.871,1099.209,766.431,566.344,999.973,853.346,946.863,974.181,473.841,594.274,551.459,317.356,798.471,726.935,314.167,601.793,381.354,892.21,365.962,423.139,775.18,899.535,727.782,775.039,825.03,908.975,364.256,454.487,65.863,103.996,935.02,775.445,689.758,694.052,610.621,649.021,742.857,782.676,781.843,771.381,808.904
14118.0,658.455,373.185,529.616,982.022,904.664,1161.191,831.612,469.77,927.04,408.231,933.416,830.227,1003.082,1.0,649.196,470.099,428.891,419.039,568.15,544.794,229.795,475.554,554.578,639.315,792.18,156.703,237.04,367.174,941.097,842.231,803.009,604.317,921.606,185.674,395.976,259.51,807.618,642.147,732.366,302.545,724.071,713.254,289.911,308.796,666.95,738.703,761.545,247.261,72.593,425.363,500.84,164.046,586.713,490.588,293.468,570.301,470.444,389.204,208.689,109.952,349.788,594.195,803.977,849.33,1019.346,729.49,794.375,693.694,602.033,625.354,160.854,799.561,788.602,234.949,128.724,288.683,225.126,429.99,253.06,773.335,716.93,1068.531,917.496,374.144,360.336,484.028,625.959,398.794,727.758,264.016,224.543,244.944,253.511,222.281
15014.0,393.002,688.513,267.67,514.866,555.8,581.149,255.906,778.764,321.505,592.929,327.881,90.94,423.04,647.3,1.0,272.47,441.752,338.026,79.964,479.526,698.37,193.836,172.2,540.867,271.286,590.732,502.27,721.113,310.191,238.063,279.182,297.306,256.112,602.278,286.315,393.534,419.24,454.093,424.671,422.532,236.688,162.529,488.55,433.543,134.846,273.46,151.175,427.727,716.073,689.634,584.956,575.213,693.114,670.83,600.819,743.391,330.38,773.059,636.234,542.033,733.643,156.305,434.93,392.115,353.853,778.761,707.225,314.242,582.083,358.313,487.38,411.183,450.161,557.66,663.976,526.573,550.876,331.298,691.863,160.108,189.573,488.489,349.813,436.63,288.663,167.174,671.011,449.629,629.311,545.156,558.514,564.324,553.846,586.328
16015.0,478.335,580.724,317.067,849.538,715.645,915.821,575.012,670.975,441.1,527.904,447.476,321.097,757.712,468.511,271.922,1.0,148.407,278.901,190.877,515.928,483.636,174.731,85.799,577.269,610.514,502.746,394.48,506.379,644.863,356.292,317.069,118.378,594.456,387.544,207.53,214.745,618.598,539.426,246.427,275.681,492.451,481.634,273.816,327.305,253.174,252.764,432.142,247.626,537.284,624.608,620.513,396.424,767.734,644.183,386.086,771.506,335.039,665.269,528.445,363.244,625.854,332.217,318.037,363.391,559.345,815.163,743.626,513.601,618.485,443.673,308.591,610.541,649.52,449.871,519.893,463.484,443.087,116.564,584.074,422.85,326.482,823.161,684.485,221.896,112.734,104.316,745.632,487.326,665.712,437.367,450.725,456.534,446.057,478.539
17300.0,681.614,603.072,473.317,914.562,955.496,980.845,851.802,693.323,506.124,550.252,512.5,503.84,822.736,427.097,441.685,147.622,1.0,374.216,383.061,655.675,347.009,291.243,276.207,750.195,797.311,461.333,395.547,369.751,709.887,421.316,382.093,183.402,659.48,250.917,268.86,237.093,805.396,753.028,311.451,298.028,679.248,668.431,137.189,349.652,409.703,317.788,613.699,186.725,399.164,646.956,642.861,265.256,790.082,666.531,249.458,793.853,443.211,687.617,550.793,321.831,648.202,513.774,383.061,428.415,624.369,927.349,916.553,700.398,744.053,646.951,276.126,797.338,836.317,472.219,478.48,485.831,465.435,62.935,598.013,487.874,391.506,888.185,749.509,85.269,138.736,225.217,767.98,509.674,838.638,459.715,473.072,478.882,468.405,500.886
18033.0,271.3,378.993,99.765,620.615,543.258,807.138,402.625,469.245,563.754,269.574,570.13,426.219,649.029,418.126,338.604,278.189,374.786,1.0,309.084,247.017,512.883,170.341,288.647,341.537,438.127,281.212,192.75,582.811,499.801,478.946,516.24,488.062,517.598,395.299,66.163,164.361,446.211,332.391,616.111,113.012,320.064,309.247,358.491,124.023,376.651,510.518,357.538,272.253,486.9,366.278,362.183,346.039,509.404,385.853,462.518,532.936,66.51,463.539,326.714,312.86,424.123,190.188,687.721,629.173,615.339,579.431,507.894,341.214,382.753,236.638,258.207,438.154,477.133,248.14,354.456,203.218,241.357,313.735,382.343,496.477,426.632,714.478,563.443,361.257,244.08,193.729,487.302,143.722,429.98,235.637,248.994,254.804,244.326,276.808
19272.0,403.328,608.501,238.036,603.97,526.613,661.214,385.98,698.753,318.714,555.681,325.09,155.71,503.105,567.287,82.914,192.458,373.011,308.392,1.0,415.5,618.358,173.311,103.459,476.841,421.482,510.72,422.258,641.101,390.257,233.905,271.2,228.565,336.177,522.266,206.303,313.522,429.566,464.419,355.93,342.52,303.419,292.602,408.538,353.531,131.611,265.478,243.11,347.715,636.061,652.385,520.929,495.201,629.087,606.804,520.807,679.364,300.746,693.047,556.222,462.021,653.631,143.184,426.947,384.132,436.958,714.734,643.198,324.568,518.056,368.64,407.368,421.509,460.488,477.648,583.964,491.261,470.864,251.285,611.851,237.996,181.591,568.554,429.878,356.618,208.651,87.162,606.985,419.995,565.284,465.144,478.502,484.312,473.834,506.316
21231.0,159.909,362.2,203.299,481.807,404.45,660.976,331.397,375.767,722.119,184.494,636.587,566.854,502.867,541.075,479.239,633.479,654.421,246.45,413.002,1.0,719.205,345.747,515.17,92.772,291.965,402.056,360.599,835.077,440.882,645.617,682.911,640.277,490.784,620.214,452.302,422.889,307.403,95.292,767.641,368.189,252.197,323.345,638.347,315.411,543.323,677.19,411.24,552.109,612.895,258.186,108.579,552.361,216.737,194.453,731.947,267.014,187.676,500.556,393.308,519.182,474.763,329.592,838.659,795.844,640.793,330.666,259.13,193.479,133.988,125.139,478.76,299.346,281.085,315.142,439.497,267.744,315.0,593.37,471.99,637.112,593.303,568.316,417.281,641.114,523.715,433.307,194.635,150.583,181.216,282.818,322.638,321.805,311.342,348.865
22278.0,833.634,602.077,592.101,1098.583,1021.225,1285.106,880.592,671.298,880.14,583.354,886.516,783.169,1126.997,230.476,697.492,483.721,346.436,492.999,616.446,719.974,1.0,569.947,568.2,814.495,916.095,385.595,369.146,143.603,977.768,795.332,756.109,557.417,995.566,99.401,469.937,353.902,924.179,817.327,685.466,396.938,798.032,787.214,203.988,403.188,715.246,691.804,835.505,227.197,197.024,626.891,675.963,176.19,823.184,692.115,116.99,771.828,561.995,618.096,437.581,295.43,578.68,668.155,757.077,802.431,998.384,931.018,892.294,819.181,777.156,800.534,253.959,916.122,963.782,450.193,357.616,463.806,435.273,352.363,481.952,861.889,765.522,1192.446,1041.411,279.253,428.8,529.886,801.082,573.974,902.938,437.69,453.435,456.857,446.379,451.174
23096.0,306.998,515.933,145.73,605.184,527.826,791.707,387.193,606.185,460.558,463.113,466.934,341.379,633.598,474.72,194.0,174.514,289.273,170.2,174.656,344.591,569.477,1.0,185.451,405.932,422.696,418.152,329.69,601.994,484.37,375.75,413.044,292.014,502.167,470.486,113.735,220.954,430.78,368.089,420.063,249.952,304.632,293.816,369.431,260.963,273.455,407.322,342.106,335.805,543.493,559.818,450.02,402.633,558.178,579.393,481.7,608.455,163.702,600.479,463.654,369.453,561.063,174.756,491.674,525.977,578.803,643.826,572.289,325.782,447.147,272.336,314.8,422.723,461.702,385.08,491.396,398.693,378.297,228.221,519.284,379.841,323.436,699.047,548.012,317.511,144.685,90.533,536.076,316.407,494.375,372.577,385.934,391.744,381.266,413.748
24322.0,505.716,620.099,340.424,763.256,629.0,829.539,488.367,710.351,354.818,567.279,361.194,235.639,671.43,554.256,173.483,85.658,276.193,289.272,114.859,517.887,569.382,184.909,1.0,579.229,523.87,522.318,433.856,592.124,558.582,270.01,207.396,131.746,508.174,473.289,217.901,300.49,531.954,566.807,259.111,361.426,405.806,394.99,359.562,365.129,167.715,136.153,345.497,333.371,623.029,663.983,623.317,482.169,731.475,683.558,471.831,781.752,403.134,704.645,567.82,448.99,665.229,245.572,330.722,376.075,473.063,817.122,745.586,426.956,620.444,471.028,394.336,523.897,562.875,489.246,605.638,502.859,482.462,202.309,623.449,274.101,217.696,736.879,598.203,307.642,198.479,99.184,709.373,419.556,667.672,476.742,490.1,495.91,485.432,517.914
25056.0,178.304,441.213,264.595,515.607,438.25,719.722,390.143,454.781,780.865,263.507,695.333,628.151,561.613,636.962,540.535,578.584,750.308,342.337,474.298,92.276,815.092,407.044,576.467,1.0,350.711,497.943,456.486,930.963,499.628,706.913,744.207,701.573,549.53,716.101,438.248,518.776,341.203,84.451,828.938,464.076,310.943,382.091,734.234,411.298,604.619,738.486,469.986,647.996,708.782,337.199,187.592,648.248,206.315,273.466,827.834,264.764,256.719,579.569,489.194,615.068,553.776,390.888,899.955,857.14,699.539,248.688,177.152,250.31,50.197,186.435,574.647,261.441,216.516,411.029,535.384,363.631,410.887,689.256,551.003,698.408,654.599,627.062,476.027,737.0,619.602,494.603,139.803,246.47,99.238,378.705,418.525,417.692,407.229,444.752
26362.0,180.567,650.164,290.813,305.165,161.146,371.448,41.869,663.732,432.59,472.458,347.059,372.938,213.339,789.66,270.461,612.038,797.337,436.844,421.908,291.114,935.434,422.281,524.076,349.124,1.0,650.641,609.184,1005.361,151.354,437.629,516.802,680.258,201.256,817.849,453.486,586.911,95.424,246.101,618.027,535.562,121.232,109.629,781.041,546.574,548.258,550.611,178.056,694.803,861.48,546.15,396.543,768.59,504.701,482.418,885.068,554.978,354.891,788.52,641.893,735.41,762.728,262.388,628.182,585.368,351.264,587.018,515.482,102.714,390.34,169.901,680.757,152.458,209.636,563.727,688.082,516.329,563.586,736.285,697.522,398.165,488.395,278.788,127.753,783.808,563.992,506.742,482.599,399.168,437.568,531.404,571.223,570.39,559.928,597.45
27229.0,520.163,227.023,391.324,843.73,766.372,1022.899,693.32,331.478,793.84,269.939,800.216,689.854,864.79,157.391,588.983,494.157,462.698,278.666,507.938,406.502,386.414,415.341,518.733,501.023,653.888,1.0,82.284,523.793,802.805,709.032,746.326,628.375,781.233,342.292,300.469,283.568,669.326,503.855,756.424,216.356,583.698,572.881,367.305,163.578,606.737,740.604,621.172,281.067,229.211,287.071,362.548,267.182,448.421,352.296,450.086,432.009,332.152,308.393,99.199,127.096,268.978,453.822,828.034,873.388,878.973,591.198,656.083,555.402,463.741,487.062,194.66,661.269,650.311,96.657,55.813,150.391,86.834,454.048,172.249,713.122,656.717,930.239,779.204,407.951,384.393,423.815,487.667,260.502,589.466,125.724,86.251,106.652,115.219,83.989
28085.0,474.793,222.204,318.368,798.36,721.003,977.53,647.95,312.456,706.903,224.513,713.28,602.917,819.42,237.342,502.047,394.709,389.139,191.73,421.001,361.133,360.467,328.405,431.797,455.653,608.518,83.948,1.0,476.339,757.436,622.095,659.389,528.927,694.296,261.476,213.533,184.119,623.956,458.486,656.976,129.42,496.762,485.945,293.746,76.642,519.801,653.668,534.236,207.508,309.161,268.049,317.122,193.623,464.343,333.273,373.209,412.986,259.197,306.75,160.35,160.444,267.334,366.885,728.586,773.94,792.037,572.176,533.453,510.032,418.314,441.692,120.022,615.899,604.941,91.352,135.763,104.964,76.431,354.6,215.979,626.186,569.781,884.87,733.834,334.392,284.945,336.878,442.241,215.132,544.096,78.848,92.205,98.015,87.537,102.992
29232.0,889.145,696.313,680.849,1187.331,1109.974,1376.748,969.341,786.565,902.027,698.621,908.404,805.057,1218.639,367.11,719.38,505.609,368.324,581.747,638.334,835.242,143.002,603.194,590.088,929.762,1004.843,522.229,484.413,1.0,1105.791,817.219,777.997,579.305,1055.383,214.951,558.685,438.882,1012.927,932.594,707.354,506.101,886.78,875.963,232.587,557.725,737.134,713.691,924.253,312.996,333.657,742.158,791.23,291.457,938.452,807.382,121.216,887.095,650.743,754.729,574.214,410.697,715.314,756.903,778.964,824.318,1020.272,1046.285,1007.561,907.929,892.423,854.483,369.226,1004.87,1043.849,565.46,494.25,579.073,550.54,374.251,618.586,883.777,787.41,1284.088,1145.413,301.141,450.688,551.774,916.349,689.241,1018.205,552.957,566.314,572.124,561.646,577.1
30189.0,330.215,799.812,440.461,213.2,254.133,279.483,146.296,813.38,284.381,622.106,198.85,224.73,121.373,939.308,308.805,643.241,708.697,567.768,385.416,440.762,1066.357,553.205,556.434,498.772,152.279,800.289,758.832,1105.202,1.0,289.42,368.594,532.049,53.047,948.773,584.41,717.835,247.123,395.75,469.818,666.486,270.88,181.076,872.639,677.497,400.05,402.402,144.628,825.727,1011.128,695.798,546.191,899.514,654.349,632.066,984.908,704.626,504.539,938.168,791.541,866.334,912.376,386.047,479.974,437.159,203.055,736.666,665.13,252.362,539.988,319.549,811.681,304.157,361.334,713.375,837.73,665.977,713.234,710.73,847.17,249.956,340.187,186.823,44.003,820.719,776.156,575.457,632.247,548.816,587.216,681.052,720.871,720.038,709.576,747.098
31555.0,617.045,809.822,469.992,495.885,536.819,562.169,433.126,900.073,87.448,757.002,93.824,149.019,404.059,841.304,241.92,356.267,421.723,478.995,244.427,647.455,795.485,374.632,269.46,708.796,439.108,712.041,623.578,818.227,291.211,1.0,78.742,245.075,240.804,699.393,407.623,587.539,533.952,682.579,179.967,543.84,535.374,339.519,585.665,554.852,113.075,115.428,253.884,635.201,847.64,853.706,752.885,713.732,861.043,873.281,697.934,911.32,532.702,894.367,757.543,736.038,854.951,375.14,196.508,153.693,205.692,946.69,875.154,539.192,750.012,600.595,681.384,590.986,648.164,678.968,785.284,692.581,672.185,423.755,813.172,75.657,53.212,469.509,330.833,533.745,489.182,288.483,838.94,609.278,797.24,666.465,679.822,685.632,675.154,707.636
32013.0,673.251,847.789,507.96,574.008,614.941,640.291,511.248,938.041,165.569,794.969,171.946,229.528,482.181,801.183,279.888,316.146,381.602,516.962,282.394,685.423,755.364,412.599,206.844,746.764,517.23,750.008,661.546,778.106,369.333,79.655,1.0,204.954,318.926,659.271,445.591,547.418,612.074,734.342,103.948,581.808,573.342,420.027,545.544,592.819,151.043,73.458,334.393,595.08,807.519,891.673,790.852,673.611,899.01,911.249,657.813,949.288,570.669,932.335,795.51,695.917,892.919,413.108,103.148,71.562,283.814,984.658,913.121,617.314,787.98,638.563,641.264,669.108,726.286,716.936,852.566,730.549,710.152,383.634,851.139,156.165,90.045,547.63,408.955,493.624,449.061,326.45,876.908,647.246,835.207,704.432,717.79,723.6,713.122,745.604
33063.0,629.797,715.631,464.506,737.696,778.629,803.979,674.936,805.882,329.258,662.811,335.634,384.37,645.87,603.418,297.565,118.38,183.836,486.775,238.94,641.969,557.598,291.77,132.087,703.31,680.918,637.653,529.387,580.341,533.021,244.45,205.227,1.0,482.614,461.506,324.569,349.652,656.035,690.888,134.584,410.587,529.888,519.071,347.778,462.211,232.837,140.921,489.235,397.314,609.753,759.515,755.42,475.845,902.641,779.09,460.047,906.412,527.215,800.176,663.352,498.151,760.76,369.654,206.195,251.548,447.502,941.204,869.667,551.038,744.526,595.109,443.498,647.978,686.957,584.778,654.8,598.39,577.994,185.869,718.981,311.007,214.64,711.319,572.643,295.858,251.295,221.355,880.539,622.233,791.753,572.274,585.631,591.441,580.964,613.446
34172.0,378.514,848.111,446.165,257.355,298.288,323.638,194.595,861.679,234.679,670.405,149.148,173.482,165.529,920.353,257.557,593.539,658.995,516.52,334.169,489.061,1015.11,501.957,506.732,547.071,200.578,783.439,694.976,1055.499,52.68,239.718,318.891,482.347,1.0,897.525,533.162,666.587,295.422,444.048,420.116,615.238,319.179,230.475,822.937,626.25,350.347,352.7,196.442,774.479,989.126,744.098,594.49,848.266,702.648,680.365,935.206,752.925,508.874,986.467,828.941,815.086,960.675,334.799,430.271,387.456,153.353,784.965,713.429,300.661,588.287,367.848,760.433,352.456,409.633,750.367,856.682,714.276,743.583,661.027,884.57,198.708,290.484,230.978,92.302,771.017,726.454,525.755,680.546,597.115,635.514,729.351,751.22,757.03,746.553,779.034
35238.0,735.301,482.713,494.518,1001.0,923.642,1187.523,783.01,572.964,784.682,485.021,791.058,687.711,1029.414,185.774,602.034,388.263,250.978,395.416,520.988,621.641,99.413,471.613,472.742,716.161,818.512,340.893,270.813,215.348,880.186,699.874,660.651,461.96,897.983,1.0,372.354,255.569,826.596,718.994,590.009,298.604,700.448,689.632,108.53,304.855,619.788,596.346,737.922,129.614,152.322,528.557,577.63,77.856,724.851,593.782,112.219,673.494,464.412,573.394,392.879,197.096,533.978,570.572,661.619,706.973,902.927,832.684,793.961,721.598,678.822,702.2,155.625,818.539,865.449,351.86,312.914,365.473,336.939,256.905,437.25,766.432,670.064,1094.863,943.828,183.796,333.342,434.428,702.749,475.64,804.605,339.356,352.714,358.523,348.046,363.5
36044.0,338.557,401.358,145.126,636.742,559.385,823.266,418.752,491.61,492.949,348.538,499.325,373.77,665.156,394.964,288.092,207.384,266.08,66.298,207.047,453.962,489.721,114.451,217.842,437.49,454.254,303.577,215.114,559.649,515.928,408.141,445.435,324.884,533.726,372.137,1.0,141.199,462.338,399.648,452.933,100.917,336.191,325.374,335.329,146.388,305.846,439.713,373.665,249.091,463.738,445.242,441.147,322.878,588.368,464.817,439.356,592.14,136.073,485.904,349.079,289.698,446.488,206.315,524.544,558.368,611.194,725.635,603.848,357.341,542.34,303.894,235.045,454.281,493.26,270.505,376.821,284.118,263.721,205.029,404.708,412.231,355.826,730.606,579.57,294.318,119.653,122.924,566.266,200.814,525.934,258.001,271.359,277.168,266.691,299.173
37261.0,536.609,370.346,262.523,769.005,691.647,955.528,551.014,460.597,671.422,317.526,677.798,574.609,797.418,258.132,393.579,214.482,235.424,163.421,312.533,422.949,352.889,219.937,298.961,517.469,586.516,292.368,184.102,439.322,648.19,586.614,547.391,348.7,665.988,253.899,140.359,1.0,594.601,520.302,476.749,65.302,468.453,457.636,215.001,116.926,411.332,483.086,505.927,128.763,326.906,414.23,410.135,186.046,557.356,433.805,319.028,561.127,232.417,454.891,318.067,152.866,415.475,338.577,548.359,593.713,763.729,694.623,683.827,489.603,511.327,503.508,98.213,586.544,625.522,239.493,309.515,253.105,232.709,174.373,373.696,517.718,461.313,862.868,711.832,217.768,104.718,228.41,535.254,276.948,605.912,226.989,240.346,246.156,235.678,268.16
38185.0,169.299,663.992,312.536,181.543,104.186,466.074,136.495,677.559,527.217,486.286,441.685,467.565,307.965,803.488,418.706,618.71,804.009,443.517,428.58,304.941,942.106,428.953,530.748,337.856,94.137,664.469,623.012,1012.034,245.98,532.255,611.429,655.854,295.882,824.522,460.158,593.584,1.0,234.833,712.654,542.234,156.135,227.282,787.713,577.824,558.901,645.237,272.682,701.476,875.308,559.978,410.371,775.262,518.529,496.245,891.74,568.806,368.718,802.348,655.72,742.082,776.555,269.06,722.809,679.994,445.891,575.749,504.213,107.947,379.071,183.729,687.429,57.685,105.73,577.554,701.91,530.157,577.413,742.958,711.349,492.792,583.022,373.414,222.379,790.48,570.664,513.414,496.426,412.996,426.299,545.231,585.051,584.218,573.755,611.278
39300.0,73.832,444.922,233.39,411.135,333.777,615.25,285.671,458.489,676.392,267.216,590.861,540.07,457.141,640.942,452.454,538.352,754.288,332.072,462.327,95.985,819.071,366.812,564.496,113.303,246.239,501.922,460.465,934.943,395.156,681.431,732.237,689.602,445.058,720.081,398.017,522.756,236.731,1.0,816.967,468.056,206.471,277.618,738.214,415.278,592.648,726.515,365.513,651.976,712.761,340.908,191.301,652.228,299.459,277.175,831.814,349.736,219.395,583.278,493.174,619.048,557.485,302.808,871.984,829.17,595.066,351.197,279.66,145.838,154.518,97.337,578.626,228.673,165.109,415.008,539.363,367.611,414.867,693.236,554.712,610.327,642.628,522.59,371.555,740.98,623.581,454.372,277.356,250.45,201.746,382.685,422.504,421.672,411.209,448.732
40192.0,757.287,843.722,591.996,675.115,716.049,741.398,612.355,933.973,289.58,790.902,273.053,365.139,583.289,731.509,425.055,246.471,311.928,614.866,366.43,769.459,685.69,419.861,259.577,830.8,618.338,765.745,657.479,708.432,470.441,180.763,104.037,135.28,420.033,589.597,452.66,477.743,713.182,818.378,1.0,538.679,657.378,646.561,475.87,590.303,213.606,107.867,470.004,525.406,737.845,887.606,883.511,603.937,1030.732,907.181,588.139,1034.504,654.705,928.268,791.443,626.243,888.852,497.144,94.779,140.132,384.922,1068.694,997.157,678.528,872.016,722.599,571.589,775.468,814.447,712.869,782.891,726.482,706.085,313.96,847.072,291.776,195.409,648.738,510.062,423.95,379.387,349.447,1008.63,750.325,919.243,700.365,713.723,719.532,709.055,741.537
41018.0,482.52,316.257,211.93,718.412,641.055,904.936,500.422,406.508,596.263,263.437,602.639,524.016,746.826,301.786,391.406,277.299,298.241,112.829,310.361,368.86,396.544,217.764,321.156,463.38,535.924,218.476,130.013,506.488,597.598,511.455,548.748,411.517,615.396,297.553,99.249,66.709,544.008,466.213,539.566,1.0,417.861,407.044,282.167,62.837,409.16,545.903,455.335,195.929,370.56,360.141,356.046,229.7,503.267,379.716,386.194,507.038,181.824,400.802,263.978,196.52,361.386,287.985,611.176,656.53,713.136,640.534,629.738,439.011,457.238,449.419,141.867,535.951,612.668,185.404,291.719,199.016,178.62,237.19,319.607,515.545,459.14,812.276,661.24,284.934,167.535,226.238,481.165,222.859,551.823,172.9,186.257,192.067,181.589,214.071
42218.0,146.629,611.08,180.523,330.595,253.237,489.796,160.217,624.647,550.938,433.374,465.407,259.198,331.686,721.712,221.499,493.073,678.373,317.88,302.943,252.029,816.469,303.317,405.112,315.186,120.784,584.798,496.336,886.397,269.702,535.559,572.853,530.218,319.604,698.885,334.522,467.947,156.191,212.163,657.583,416.598,1.0,74.424,662.077,427.609,433.264,567.131,162.319,575.839,790.486,507.066,357.459,649.626,465.617,443.333,766.104,515.894,240.466,749.436,630.301,616.446,723.643,143.424,728.6,685.786,469.612,553.08,481.543,63.629,356.401,130.817,561.793,148.133,187.112,524.642,658.042,477.245,544.943,617.321,685.93,329.456,483.244,397.136,246.101,664.843,445.028,387.777,443.514,360.084,403.629,492.319,552.58,531.306,520.843,580.394
43157.0,218.242,682.693,237.234,392.073,254.29,458.356,94.85,696.261,424.248,504.987,377.508,192.594,300.246,711.422,161.643,482.783,668.082,307.59,292.653,323.643,806.179,293.026,394.822,386.799,110.229,574.508,486.045,876.107,180.898,340.806,421.158,519.927,230.898,688.595,324.231,457.656,227.804,283.776,647.292,406.307,75.632,1.0,651.787,417.319,302.945,446.621,89.145,565.549,780.195,578.679,429.072,639.335,537.23,514.947,755.813,587.507,299.944,756.834,620.01,606.156,717.419,125.868,542.061,499.246,381.714,624.693,553.157,135.243,428.015,202.43,551.502,219.747,258.725,541.436,647.751,496.136,534.652,607.03,675.639,262.851,320.578,365.696,214.66,654.553,434.737,377.487,515.128,431.697,475.242,528.932,542.29,548.099,537.622,570.104
44109.0,664.468,513.43,456.172,962.654,885.296,1144.713,744.663,603.681,669.992,515.738,676.368,573.021,986.604,289.934,487.344,273.573,136.288,357.07,406.298,639.07,204.327,371.158,358.052,733.591,780.166,367.315,301.53,232.801,873.755,585.184,545.961,347.27,823.348,108.234,334.008,214.205,788.25,736.423,475.318,281.424,662.102,651.286,1.0,333.048,505.098,481.656,699.576,88.319,256.482,559.274,608.347,128.748,755.568,624.498,112.508,704.211,426.066,597.975,451.575,227.813,558.559,532.226,546.929,592.283,788.237,863.401,899.948,683.252,709.539,629.806,182.108,780.192,819.171,382.577,384.462,396.189,367.656,142.215,503.995,651.742,555.374,1052.053,913.377,69.105,218.652,319.738,733.466,493.07,822.034,370.073,383.43,389.24,378.762,394.217
45234.0,429.529,263.266,223.259,753.097,675.739,916.264,511.75,353.517,639.331,210.446,645.707,535.345,758.154,307.112,434.475,329.118,350.06,124.157,353.429,315.869,401.869,260.833,364.224,410.39,547.253,165.485,77.022,558.306,608.926,554.523,591.817,463.335,626.724,302.879,145.961,118.528,578.692,413.222,591.384,63.828,429.189,418.372,333.986,1.0,452.228,586.095,466.663,247.748,375.886,307.15,303.055,235.025,450.276,326.725,438.013,454.048,165.328,347.812,210.987,201.846,308.396,299.313,662.995,708.349,724.465,587.543,576.747,450.339,404.247,396.428,193.685,570.635,559.677,132.413,238.728,146.025,125.629,289.009,266.616,558.614,502.209,823.604,672.569,336.752,219.354,269.306,428.174,169.869,498.833,119.909,133.267,139.076,128.599,161.081
46042.0,533.237,707.775,367.945,606.197,647.13,672.48,351.454,798.026,197.759,654.955,204.135,112.712,514.37,666.561,135.201,252.677,409.068,376.948,142.38,545.408,717.632,272.585,167.413,606.75,549.419,609.994,521.531,740.374,401.522,112.951,150.244,232.42,351.115,621.54,305.576,412.796,559.475,594.328,212.617,441.793,433.327,301.474,507.812,452.805,1.0,85.269,215.839,446.988,735.334,751.659,650.838,594.474,758.996,771.234,620.081,809.273,430.655,792.32,655.496,561.295,752.904,273.093,305.992,263.178,316.003,844.643,773.107,454.477,647.965,498.549,506.641,551.418,590.396,576.922,683.237,590.534,570.138,350.559,711.125,117.041,60.636,579.82,441.144,455.892,307.925,186.436,736.894,507.231,695.193,564.418,577.776,583.585,573.108,605.59
47001.0,667.584,849.107,502.292,608.568,649.502,674.851,545.808,939.358,200.13,796.287,206.506,255.242,516.742,736.894,274.22,251.856,317.312,511.295,276.727,679.755,691.075,406.932,136.27,741.096,551.791,771.129,662.863,713.817,403.894,115.322,73.674,140.665,353.486,594.982,439.923,483.128,646.635,728.675,108.019,544.064,567.674,445.742,481.254,587.152,85.034,1.0,360.108,530.79,743.23,892.991,785.185,609.322,893.343,912.566,593.524,943.62,565.002,933.652,796.828,631.627,894.237,407.44,165.331,138.532,318.375,978.99,907.454,588.824,782.312,632.896,576.974,703.669,760.846,718.254,788.276,731.866,711.47,319.345,852.457,181.88,85.512,582.191,443.515,429.334,384.771,320.783,871.241,641.578,829.54,705.75,719.108,724.917,714.44,746.922
48095.0,305.099,720.016,284.961,357.004,397.938,423.287,136.043,810.268,336.774,610.22,290.033,105.119,265.178,759.149,149.79,432.765,614.357,355.317,242.635,410.5,853.906,340.753,344.804,473.656,178.308,622.235,533.772,923.834,144.42,253.332,333.684,488.794,196.498,736.322,371.958,505.384,273.152,370.634,468.99,454.035,162.489,88.528,699.514,465.046,215.47,359.146,1.0,613.276,827.922,706.924,515.929,687.062,624.087,601.804,803.541,674.365,347.671,804.562,667.737,653.883,765.146,173.596,454.586,411.771,294.239,711.55,640.014,222.1,514.872,289.287,599.23,306.604,345.583,589.163,695.479,543.864,582.38,491.593,723.366,175.376,233.103,330.627,171.722,702.28,482.465,327.47,601.985,466.92,562.1,576.66,590.017,595.827,585.349,617.831
49007.0,578.148,427.11,369.852,876.334,798.977,1062.857,658.344,517.361,719.577,429.418,725.953,681.938,904.748,246.76,428.329,247.725,185.873,270.75,347.284,552.751,227.457,334.442,332.204,647.271,693.846,280.995,215.21,312.985,755.52,634.768,595.546,396.854,773.317,128.372,247.688,127.885,701.93,650.104,524.903,195.104,575.783,564.966,88.664,246.728,446.083,531.24,613.256,1.0,275.121,472.954,522.027,80.823,669.248,538.179,192.691,617.891,339.746,511.656,365.255,141.493,472.24,445.906,596.514,641.867,837.821,777.081,813.628,596.932,623.219,543.486,95.789,693.873,732.852,296.257,298.142,309.87,281.336,191.8,417.676,701.326,604.959,970.197,819.162,131.126,140.778,258.235,647.146,406.75,735.714,283.753,297.111,302.92,292.443,307.897
50502.0,729.683,444.414,600.844,1053.251,975.893,1232.42,902.841,540.999,932.489,479.46,938.865,896.306,1074.311,72.813,715.276,536.179,398.786,485.118,634.23,616.023,196.222,541.634,620.658,710.544,863.409,227.932,308.269,333.601,1012.326,847.681,808.458,609.767,987.685,152.1,462.056,325.589,878.846,713.376,737.816,368.625,790.15,779.334,256.337,374.876,733.03,744.153,827.624,274.867,1.0,496.592,572.069,161.998,657.942,561.816,259.894,641.529,541.673,460.432,279.917,176.031,421.017,660.274,809.426,854.78,1050.734,800.719,865.604,764.923,673.262,696.582,226.933,870.789,859.831,306.178,199.953,359.912,296.355,404.712,324.289,914.239,817.871,1139.76,988.725,331.603,426.415,550.107,697.188,470.022,798.987,335.244,295.772,316.173,324.74,293.51
51108.0,405.288,109.736,415.609,736.014,658.656,915.183,585.604,123.303,936.623,85.533,890.794,758.778,757.074,425.877,671.162,624.429,645.371,364.871,650.721,258.159,626.453,558.125,661.516,338.152,546.172,286.858,267.847,742.325,695.089,851.815,889.109,758.647,744.991,527.463,443.253,413.839,561.61,340.672,886.696,359.14,506.404,577.552,559.733,306.361,749.52,883.387,690.096,473.495,497.697,1.0,172.872,459.61,161.72,70.822,639.196,157.982,356.438,248.091,272.427,426.43,222.299,522.746,958.306,1003.66,895.0,317.171,303.247,447.686,274.064,379.346,386.008,553.552,526.465,186.411,331.94,200.089,209.074,584.32,219.526,855.906,799.501,822.523,671.488,600.379,514.665,566.598,228.216,162.908,335.211,201.704,207.333,184.132,182.916,217.933
52121.0,256.366,276.833,308.583,587.091,509.734,766.261,436.682,290.401,827.403,99.127,741.872,672.139,608.151,498.393,584.523,621.29,642.233,361.733,518.286,109.236,675.447,451.032,620.455,189.23,397.249,359.373,316.841,791.319,546.167,750.901,788.195,755.508,596.068,576.457,440.114,410.701,412.687,191.75,883.557,356.001,357.482,428.629,608.727,303.223,648.607,782.474,516.524,522.489,570.212,172.819,1.0,508.604,159.467,89.309,688.189,209.744,353.299,415.189,350.437,475.424,389.397,434.877,955.168,901.128,746.077,296.734,228.577,298.764,111.117,230.423,435.002,404.63,377.542,262.182,396.814,216.426,272.318,581.181,386.623,742.396,698.587,673.601,522.565,649.373,511.526,563.46,137.365,159.77,171.369,237.596,279.955,268.51,247.779,302.31
53130.0,666.35,413.762,445.248,951.731,874.373,1138.254,733.74,504.014,798.363,416.07,804.74,757.335,980.144,163.438,576.304,397.208,264.66,346.147,495.259,552.69,174.127,402.663,481.686,647.211,769.242,267.647,201.862,289.999,830.916,713.555,674.333,475.641,848.714,75.137,323.085,186.618,777.327,650.043,603.69,229.653,651.179,640.362,127.749,235.904,594.058,610.027,688.653,80.217,160.023,459.606,508.679,1.0,655.9,524.831,186.869,604.544,415.142,498.308,351.907,128.145,458.892,521.303,675.301,720.654,946.454,763.733,725.01,672.329,609.872,633.249,86.675,769.269,796.498,282.909,284.794,296.522,267.989,270.586,404.328,700.444,644.038,1045.594,894.558,209.913,287.444,411.136,633.798,406.69,735.654,270.405,283.763,289.572,279.095,294.549
54395.0,364.592,271.455,416.809,695.317,617.96,874.487,544.908,257.938,935.629,245.129,850.098,780.365,716.377,587.597,692.749,767.292,788.234,507.734,626.512,217.462,821.449,559.258,728.681,205.763,505.476,448.578,462.843,937.32,654.393,859.128,896.421,901.51,704.295,722.458,586.116,556.702,520.913,299.976,1029.559,502.002,465.708,536.855,754.728,449.224,756.833,890.7,624.75,668.49,659.416,162.141,160.189,654.605,1.0,84.689,834.191,56.83,499.301,409.811,434.147,621.426,384.019,543.103,1101.169,1009.354,854.303,158.549,146.522,406.99,155.932,338.649,581.004,512.856,485.769,348.131,493.659,362.427,370.794,727.183,381.245,850.622,806.813,781.827,630.792,795.374,657.528,709.461,71.39,305.771,178.384,383.598,369.052,345.851,344.635,379.652
55029.0,342.045,176.037,394.262,672.77,595.413,851.94,522.361,140.463,913.082,115.143,827.551,757.818,693.83,492.179,670.202,644.34,665.283,384.783,603.965,194.915,692.755,578.036,681.428,274.909,482.928,353.159,334.148,808.626,631.846,871.726,909.02,778.558,681.748,593.764,463.164,433.751,498.366,277.429,906.607,379.051,443.161,514.308,626.034,326.273,769.432,903.299,602.203,539.796,563.998,71.397,90.971,525.911,84.348,1.0,705.497,125.46,376.349,314.393,338.728,492.731,288.6,520.556,978.218,1023.571,831.756,237.903,225.875,384.443,198.191,316.102,452.31,490.309,463.222,252.713,398.241,239.476,275.376,604.231,285.827,828.075,819.412,759.28,608.244,666.68,534.576,586.51,150.845,195.159,257.839,268.006,273.634,250.433,249.217,284.234
56260.0,768.474,592.488,560.178,1066.66,989.302,1256.077,848.669,682.739,781.356,594.796,787.732,684.386,1097.968,293.429,598.708,384.938,247.653,461.076,517.663,731.416,116.722,482.523,469.416,825.936,884.172,448.548,380.588,119.923,985.12,696.548,657.326,458.634,934.712,111.126,438.014,318.211,892.256,828.769,586.683,385.43,766.109,755.292,111.916,437.054,616.462,593.02,803.582,192.325,259.976,638.332,687.405,187.631,834.626,703.557,1.0,783.27,530.072,681.049,500.534,306.871,641.633,636.232,658.293,703.647,899.601,942.459,903.736,787.258,788.597,733.812,265.401,884.199,923.177,461.635,420.569,475.248,446.714,253.579,544.905,763.106,666.738,1163.417,1024.742,180.47,330.016,431.103,812.524,585.415,914.38,449.131,462.489,468.298,457.821,473.275
57463.0,416.088,254.614,468.305,746.813,669.456,925.983,596.404,202.978,987.125,252.562,901.594,831.861,767.873,570.756,744.245,772.562,793.504,531.901,678.008,268.958,771.332,610.754,780.177,265.392,556.971,431.736,412.726,887.204,705.889,910.623,947.917,906.779,755.79,672.341,591.385,561.972,572.409,351.472,1034.828,507.272,517.204,588.351,704.612,454.494,808.329,942.196,676.246,618.374,642.576,158.214,211.685,604.488,58.478,125.977,784.074,1.0,523.467,392.97,417.306,571.308,367.177,594.598,1106.439,1060.85,905.799,164.737,229.622,458.486,215.561,390.145,530.887,564.352,537.264,331.29,476.818,344.968,353.953,732.452,364.404,902.118,858.309,833.323,682.287,745.257,662.798,714.731,131.019,329.938,238.014,346.583,352.211,329.01,327.795,362.811
58194.0,230.124,373.375,58.59,546.289,468.931,725.458,395.879,452.449,602.046,261.481,586.673,401.758,567.349,468.455,314.142,334.801,444.816,67.937,284.623,188.095,582.913,163.26,386.792,255.912,356.447,329.436,259.806,652.84,505.364,517.238,554.532,511.898,493.137,465.329,137.738,234.39,371.885,219.182,639.263,183.041,242.157,284.786,428.52,166.437,414.944,548.811,333.076,342.282,540.275,358.185,354.09,416.069,501.311,377.76,532.547,524.843,1.0,457.921,320.688,382.889,418.505,165.726,710.28,667.465,590.878,493.806,422.27,257.961,297.128,195.462,328.236,363.828,360.272,242.522,366.877,195.124,242.381,383.764,376.317,472.016,464.924,632.798,481.763,431.287,314.11,250.82,479.209,118.18,344.356,210.199,250.018,249.185,238.723,276.246
59350.0,648.189,154.819,516.303,978.914,901.557,1158.084,828.505,209.186,977.884,328.433,984.26,873.898,999.974,387.253,773.028,665.69,686.633,462.71,691.982,501.059,616.276,599.386,702.778,581.053,789.072,307.171,305.854,753.655,937.99,893.076,930.37,799.908,987.892,572.154,484.514,455.1,804.51,583.573,927.957,400.401,749.305,756.926,597.74,347.623,790.782,924.649,805.216,511.502,459.073,248.435,415.772,497.617,409.785,313.659,679.948,364.099,457.132,1.0,192.912,415.263,51.395,637.866,999.567,1044.921,1063.018,552.562,617.446,690.587,516.964,622.246,424.015,796.453,769.366,224.373,252.424,262.199,236.119,625.581,140.011,897.167,840.762,1065.424,914.388,638.386,555.926,607.859,476.281,385.481,587.74,250.703,225.953,209.212,225.435,228.595
60057.0,507.852,178.274,379.013,831.42,754.062,1010.589,681.01,285.387,840.729,257.761,847.105,736.743,852.48,209.243,635.873,528.535,549.477,325.555,554.827,394.192,438.265,462.231,565.622,488.713,641.578,98.939,158.599,575.644,790.495,755.921,793.215,662.753,828.122,394.144,347.359,317.945,657.016,491.545,790.802,263.246,601.81,619.771,450.485,210.468,653.626,787.494,668.061,364.247,281.063,271.89,350.37,350.362,433.24,337.114,501.938,416.827,319.842,194.293,1.0,241.328,154.877,500.711,862.412,907.766,925.863,576.017,640.902,543.092,451.562,474.751,276.76,648.958,638.0,83.261,81.568,138.119,92.457,488.426,61.888,760.012,703.607,917.929,766.894,491.131,418.771,470.704,475.489,248.192,577.156,113.414,79.315,75.784,101.355,61.402
61001.0,632.773,324.119,411.671,918.153,840.796,1104.676,700.163,470.436,820.57,382.493,826.947,723.758,946.567,109.28,542.727,363.63,322.422,312.57,461.681,519.113,293.75,369.085,448.109,613.633,735.665,128.443,168.285,409.621,797.339,735.762,696.54,497.848,815.136,194.759,289.507,153.041,743.749,616.466,625.897,196.076,617.602,606.785,227.029,202.327,560.481,632.234,655.076,140.791,178.054,426.029,475.102,126.906,622.323,491.253,306.492,570.966,381.565,416.34,240.627,1.0,376.924,487.726,697.508,742.861,912.877,730.156,691.433,638.752,576.294,599.672,54.385,735.692,762.921,249.332,160.663,262.944,171.594,323.521,280.196,666.866,610.461,1012.016,860.981,267.675,253.866,377.559,600.221,373.112,702.076,236.828,185.191,255.995,245.518,254.22
62041.0,622.135,128.765,477.045,952.861,875.503,1132.03,802.451,235.878,938.626,302.379,945.002,834.64,973.921,347.995,733.769,626.432,647.374,423.452,652.723,475.006,577.017,560.127,663.519,554.999,763.019,267.912,266.596,714.396,911.936,853.818,891.111,760.649,961.838,532.896,445.255,415.842,778.456,557.519,888.698,361.142,723.251,717.667,558.482,308.364,751.523,885.39,765.958,472.243,419.815,222.381,389.718,458.358,383.731,287.605,640.689,367.318,417.873,52.455,153.653,376.004,1.0,598.608,960.309,1005.662,1023.759,526.508,591.393,664.533,490.911,596.192,384.757,770.399,743.312,185.115,213.166,222.94,196.861,586.322,63.24,857.908,801.503,1039.37,888.335,599.127,516.668,568.601,450.227,346.223,561.686,211.445,186.694,169.953,186.176,189.337
63113.0,244.079,554.938,119.883,444.721,367.363,631.244,219.91,645.189,460.491,445.142,428.419,243.505,473.134,594.071,155.889,333.198,514.789,190.239,143.067,330.603,688.828,175.675,245.236,391.944,262.232,457.157,368.694,758.756,317.086,375.683,412.977,370.342,334.884,571.244,206.88,340.306,270.317,305.17,497.707,288.956,144.169,126.532,534.436,299.968,273.389,407.255,174.823,448.198,662.844,541.846,436.032,521.984,544.19,521.907,638.462,594.468,182.593,639.484,502.659,488.805,600.068,1.0,568.725,525.91,432.624,629.838,558.302,165.319,433.16,209.39,434.151,262.259,301.238,424.085,530.401,378.786,417.301,489.68,558.288,313.762,323.369,538.584,387.548,537.202,317.386,227.902,522.088,301.842,480.387,411.581,424.939,430.748,420.271,452.753
64445.0,801.969,923.955,658.561,680.809,721.743,747.092,618.05,1014.206,191.945,871.135,278.747,345.709,588.983,811.742,430.49,326.704,392.16,695.099,432.996,836.024,765.923,500.094,339.81,897.366,624.032,845.978,737.712,788.665,476.135,195.837,114.149,215.513,425.727,669.83,532.893,557.976,718.876,867.503,93.908,618.912,723.944,536.209,556.103,670.536,301.644,173.266,450.575,605.639,818.078,967.839,963.744,684.17,1110.965,987.414,668.372,1114.737,721.271,1008.501,871.676,706.476,969.085,563.709,1.0,42.496,390.616,1135.259,1063.723,724.115,938.581,791.302,651.822,775.91,833.088,793.102,863.124,806.715,786.318,394.193,927.305,272.347,241.781,654.432,515.757,504.183,459.62,429.68,1088.863,830.558,985.809,780.598,793.956,799.766,789.288,821.77
65440.0,763.206,959.634,619.799,642.047,682.981,708.33,579.287,1049.885,153.183,906.814,239.985,306.947,550.221,847.421,391.727,362.383,427.839,628.802,394.234,797.262,801.602,524.439,375.489,858.604,585.27,881.656,773.39,824.344,437.373,157.075,71.61,251.191,386.965,705.509,557.43,593.655,680.114,828.741,129.587,654.591,685.181,497.447,591.781,706.214,262.882,139.043,411.812,641.317,853.756,1003.518,902.692,719.848,1010.85,1023.093,704.051,1061.127,682.509,1044.179,907.355,742.154,1004.764,524.947,47.102,1.0,351.854,1096.497,1024.961,685.353,899.819,752.54,687.501,737.148,794.326,828.781,898.803,842.393,821.997,429.872,962.984,233.585,203.019,615.67,476.994,539.861,495.298,438.29,988.748,866.236,947.047,816.277,829.634,835.444,824.967,857.449
66136.0,528.986,998.583,543.196,407.826,448.76,474.109,345.066,1012.15,137.149,820.876,114.981,270.513,316.0,1017.384,354.588,559.373,624.829,613.551,447.533,639.532,998.591,577.737,472.566,697.543,351.049,880.47,792.007,1021.333,203.152,205.551,284.725,448.181,152.744,902.498,610.729,763.618,445.893,594.52,385.95,712.269,469.65,379.107,788.771,723.281,316.181,318.534,293.473,838.307,1050.746,894.569,744.961,945.297,853.119,830.836,901.04,903.397,605.906,1062.796,925.972,912.117,1023.38,431.83,396.105,353.29,1.0,935.436,863.9,451.132,738.758,518.319,857.464,502.927,560.104,847.398,953.713,802.098,840.614,626.861,981.601,277.132,256.318,381.449,242.773,736.851,692.288,491.589,831.017,747.587,785.986,834.894,848.251,854.061,843.584,876.065
67482.0,416.217,414.556,502.507,753.519,676.162,785.01,628.055,363.21,1018.777,412.504,933.245,866.063,799.525,730.698,778.447,906.36,927.302,580.25,712.21,330.188,931.274,644.956,814.379,249.347,588.623,591.679,572.668,1047.146,737.54,944.825,982.119,939.485,787.442,832.284,725.183,695.77,529.484,351.6,1066.85,641.07,548.855,620.003,864.554,588.292,842.531,976.398,707.898,778.316,802.518,318.156,299.257,764.43,159.166,238.94,944.016,165.609,494.631,552.912,577.248,731.251,527.12,628.801,1137.867,1095.052,937.451,1.0,72.507,488.222,220.686,424.347,690.829,473.092,428.167,491.232,636.76,504.91,513.895,866.25,524.346,936.32,892.511,864.974,713.939,905.199,796.596,732.515,129.311,484.382,152.69,506.525,512.154,488.953,487.737,522.753
68066.0,344.286,478.901,430.577,681.589,604.231,713.079,556.125,427.554,946.846,313.848,861.315,794.132,727.594,795.042,706.516,744.566,916.29,508.319,640.279,258.258,890.168,573.025,742.448,177.416,516.693,656.023,531.562,1006.04,665.61,872.895,910.189,867.554,715.512,791.178,604.23,684.758,457.554,279.67,994.919,630.058,476.925,548.072,900.216,577.28,770.6,904.467,635.967,813.978,866.862,304.236,228.908,723.324,147.011,226.784,902.91,229.953,422.701,617.256,641.592,690.145,591.464,556.87,1065.937,1023.122,865.52,72.153,1.0,416.292,148.756,352.416,649.723,401.161,356.236,555.576,701.105,431.147,487.039,855.238,588.691,864.39,820.581,793.044,642.009,902.982,785.583,660.584,92.263,412.451,80.76,452.317,576.498,553.297,552.081,587.098
69123.0,81.344,551.394,192.042,283.503,206.145,472.06,142.481,564.962,533.202,373.688,447.671,401.262,313.95,690.89,313.646,513.649,698.949,338.456,323.519,192.343,837.045,323.893,425.688,249.901,103.048,551.871,510.414,906.973,251.966,538.24,617.414,550.794,301.868,719.461,355.098,488.523,109.099,146.878,678.159,437.174,63.281,134.428,682.653,448.186,453.84,587.707,222.323,596.415,762.71,447.38,297.773,670.202,405.931,383.647,786.68,456.208,256.12,689.75,543.122,637.022,663.957,164.0,728.794,685.98,451.876,487.795,416.258,1.0,291.116,71.131,582.369,101.042,140.02,464.957,589.312,417.559,464.815,637.897,598.752,471.52,503.82,379.4,228.364,685.42,465.604,408.354,383.829,300.398,338.344,432.633,472.453,471.62,461.157,498.68
70550.0,218.886,376.222,305.176,556.188,478.831,760.304,430.724,389.789,821.446,198.516,735.914,668.732,602.194,597.781,581.116,619.165,741.621,382.919,514.879,132.858,774.836,447.625,617.048,49.67,391.292,458.762,416.23,890.708,540.21,747.494,784.788,742.154,590.112,675.845,539.503,510.089,381.784,154.27,869.519,455.39,351.524,422.672,708.115,402.611,645.2,779.067,510.567,621.877,669.601,272.208,111.795,607.992,155.831,198.626,787.578,214.28,297.3,514.578,449.825,574.812,488.785,431.47,940.536,897.721,740.12,220.388,148.852,290.891,1.0,227.016,534.391,373.727,265.125,361.57,496.203,315.814,371.706,680.57,486.012,738.989,695.18,667.644,516.608,748.761,610.915,535.184,89.319,287.051,66.963,336.985,379.344,367.898,347.167,401.699
71270.0,37.166,483.611,138.009,359.631,282.273,538.8,209.221,497.178,599.942,305.905,514.411,444.678,380.691,623.107,357.062,442.972,646.487,236.691,366.936,124.56,801.237,271.431,469.104,185.901,169.789,484.088,442.631,854.512,318.706,599.551,636.845,594.21,368.608,702.246,302.636,504.921,185.227,98.257,721.575,450.221,130.021,201.168,630.191,397.443,497.257,631.124,289.063,543.954,694.927,379.597,229.99,634.393,338.148,315.864,734.218,388.425,194.191,621.967,475.339,601.213,596.174,207.416,795.535,752.72,518.616,423.795,352.259,71.303,227.117,1.0,560.792,177.17,167.314,397.174,521.528,349.776,397.032,585.436,530.968,514.936,547.237,446.14,295.105,632.958,413.142,358.991,316.046,232.615,274.345,364.85,404.67,403.837,393.374,430.897
72181.0,592.1,339.511,356.968,863.451,786.093,1049.974,645.46,429.763,765.868,341.82,772.244,669.055,891.864,159.118,488.024,308.928,277.54,257.867,406.979,478.44,254.22,314.382,393.406,572.96,680.962,193.354,127.611,370.092,742.636,681.06,641.837,443.145,760.434,155.23,234.805,98.338,689.047,575.792,571.194,141.373,562.899,552.082,182.148,192.997,505.778,577.532,600.373,95.91,227.892,385.356,434.429,87.376,581.65,450.58,266.962,530.293,326.862,424.057,277.656,53.852,384.641,433.023,642.805,688.159,858.174,689.483,650.76,584.049,535.621,558.999,1.0,680.989,722.248,208.659,210.501,222.271,193.738,268.818,330.034,612.164,555.758,957.314,806.278,222.794,199.164,322.856,559.548,332.439,661.403,196.155,209.512,215.322,204.844,220.299
73065.0,162.638,657.331,305.875,238.611,161.254,457.064,192.88,670.899,583.602,479.625,498.07,405.395,364.35,796.827,412.046,612.049,797.348,436.856,421.919,298.281,935.445,422.293,524.088,331.195,150.523,657.808,616.351,1005.373,302.366,588.64,667.814,649.194,352.267,817.861,453.498,586.923,57.399,228.172,776.559,535.574,149.474,220.621,781.053,571.163,552.24,701.623,308.516,694.815,868.647,553.317,403.71,768.601,511.868,489.584,885.08,562.145,362.058,795.687,649.06,735.422,769.894,262.4,779.194,736.379,502.276,476.263,404.727,101.286,372.41,177.068,680.769,1.0,50.296,570.894,695.249,523.496,570.752,736.297,704.689,549.177,602.22,429.8,278.764,783.819,564.004,506.753,489.766,406.335,319.193,538.57,578.39,577.557,567.094,604.617
74010.0,114.069,614.245,288.103,288.211,210.854,506.664,251.932,627.812,642.653,436.538,557.122,443.937,423.402,770.622,450.587,650.59,835.89,475.397,460.46,265.308,948.751,460.834,562.629,220.096,209.574,631.602,590.145,1043.914,361.417,647.692,726.865,687.735,411.319,849.761,492.039,625.464,106.999,149.503,815.1,597.736,188.015,259.163,819.594,544.958,590.781,760.674,347.058,733.356,842.441,510.231,360.624,781.908,468.782,446.498,923.621,519.059,344.285,752.601,622.854,748.728,726.808,300.941,838.245,795.431,561.327,431.611,360.075,139.828,323.842,152.049,708.306,50.607,1.0,544.688,669.043,497.29,544.547,774.838,678.483,514.194,640.762,488.851,337.816,822.361,602.545,545.295,340.711,380.129,274.541,512.365,552.184,551.352,540.889,578.412
75056.0,429.532,135.722,300.693,753.1,675.742,932.269,602.69,230.801,762.274,169.519,768.65,658.288,774.16,235.739,557.418,450.08,471.023,247.101,476.372,315.872,448.851,383.776,487.168,410.393,563.258,96.72,90.244,564.722,712.175,677.466,714.76,584.298,749.667,349.86,268.904,239.49,578.696,413.225,712.347,184.791,523.49,541.316,382.13,132.013,575.172,709.039,589.606,295.892,307.559,186.394,262.128,282.007,347.743,251.618,461.593,331.331,241.522,219.227,78.186,248.827,179.811,422.256,783.957,829.311,847.408,490.521,555.405,464.772,363.32,396.431,208.405,570.638,559.68,1.0,134.161,49.877,24.594,409.971,133.815,681.557,625.152,839.609,688.574,422.776,340.316,392.25,387.247,169.871,498.836,35.094,13.414,11.532,14.541,33.808
76540.0,558.986,237.713,430.147,882.554,805.196,1061.723,732.144,344.826,870.688,308.763,877.064,766.702,903.614,128.678,665.832,520.912,479.703,355.514,584.786,445.326,357.7,492.19,605.39,539.846,692.712,57.234,137.572,495.08,841.629,785.88,823.174,655.13,858.081,313.579,377.318,310.322,708.15,542.679,783.178,293.205,660.547,649.73,384.31,240.427,683.586,789.516,698.02,298.073,200.498,331.329,401.372,284.187,492.679,396.554,421.373,476.266,370.976,253.732,80.979,160.764,214.316,530.67,854.789,900.143,955.822,635.456,700.341,594.226,502.564,525.885,211.666,700.092,689.134,135.481,1.0,189.215,125.658,480.803,117.588,789.971,733.566,969.063,818.028,424.956,411.148,500.664,526.491,299.325,628.29,164.548,125.075,145.476,154.043,122.813
77288.0,382.821,168.483,253.982,706.388,629.031,885.558,555.979,244.288,777.173,123.963,783.549,597.151,727.448,286.695,509.535,464.979,485.921,203.244,491.271,269.161,463.749,398.675,502.066,363.681,516.546,147.675,105.143,579.621,665.464,692.365,729.659,599.197,715.366,364.759,283.803,254.389,531.984,384.372,727.246,199.69,476.779,480.178,397.029,146.911,590.07,723.938,528.469,310.791,358.514,199.881,216.572,296.906,363.793,265.105,476.491,344.818,194.81,263.173,139.119,263.726,223.757,361.119,798.856,844.21,786.27,504.008,432.903,418.06,317.764,349.72,223.304,523.927,512.969,50.865,185.116,1.0,60.62,424.87,194.749,696.456,640.051,792.898,641.862,437.675,355.215,407.148,341.691,123.16,388.539,25.898,68.257,57.193,36.461,90.993
78646.0,432.263,154.999,303.424,755.83,678.472,934.999,605.42,253.449,755.809,182.039,762.185,651.823,776.89,225.896,550.952,443.615,464.557,240.635,469.907,318.603,442.385,377.31,480.702,413.123,565.988,86.877,83.779,558.257,714.905,671.001,708.295,577.832,743.202,343.394,262.438,233.025,581.426,415.955,705.881,178.325,545.667,534.85,375.664,125.547,568.706,702.573,583.141,289.427,297.716,209.042,274.648,275.541,370.392,274.267,455.127,353.98,244.252,236.961,90.715,170.62,197.545,415.791,777.492,822.846,840.942,513.169,490.979,467.502,375.841,399.162,201.94,573.369,562.41,22.655,124.318,62.491,1.0,403.506,146.344,675.092,618.686,842.339,691.304,416.31,333.851,385.784,399.767,172.602,501.566,37.824,16.429,31.493,28.531,33.357
79191.0,620.12,541.578,411.824,917.327,840.948,983.611,700.316,631.83,508.89,488.758,515.266,415.889,825.501,429.365,330.212,116.441,62.852,312.722,249.166,594.182,353.1,229.749,200.92,688.702,735.818,463.601,355.335,375.842,712.653,424.081,384.859,186.167,662.246,257.007,207.366,175.6,743.902,691.534,314.216,236.535,617.755,606.938,143.28,288.159,347.966,320.553,490.432,192.816,405.255,585.462,581.367,271.347,728.588,605.038,255.549,732.36,381.718,626.124,489.299,324.099,586.708,487.878,385.826,431.18,627.134,865.855,855.059,638.904,682.56,585.458,269.445,735.845,774.824,410.725,480.748,424.338,403.942,1.0,544.928,490.639,394.272,890.951,752.275,91.36,77.243,162.606,706.486,448.181,777.145,398.222,411.579,417.389,406.911,439.393
80021.0,563.749,124.629,434.91,887.316,809.959,1066.486,736.907,231.741,896.626,298.243,903.002,792.64,908.376,252.025,691.769,584.432,598.974,381.452,610.723,470.869,481.047,518.127,621.519,550.862,697.474,171.942,214.496,618.426,846.392,811.818,849.111,718.649,884.019,436.926,403.255,373.842,712.912,553.382,846.698,319.142,657.707,675.667,503.582,266.364,709.523,843.39,723.958,417.344,323.845,218.244,385.582,403.458,379.594,283.469,544.72,363.182,375.738,140.648,61.406,280.035,63.13,556.608,918.309,963.662,981.759,522.371,587.256,598.988,486.774,530.648,330.937,704.855,693.897,139.157,117.196,194.016,148.353,544.322,1.0,815.908,759.503,973.826,822.79,544.227,474.668,526.601,446.091,304.088,557.549,169.31,135.211,131.68,157.252,117.299
81004.0,551.478,813.375,426.147,459.234,500.168,525.517,312.038,903.627,158.531,760.556,164.908,71.559,367.408,772.162,155.907,421.743,487.199,482.548,247.981,638.002,860.962,378.185,273.014,699.343,402.457,715.594,627.132,883.704,254.56,75.089,155.441,310.551,200.481,764.869,411.177,518.396,497.301,612.569,290.748,547.394,331.229,262.058,651.141,558.406,116.629,180.904,176.424,700.677,913.116,857.26,743.432,700.075,851.59,829.306,763.41,901.867,488.856,897.921,761.097,666.896,858.505,314.781,276.344,233.529,276.776,937.237,865.701,472.718,740.559,516.79,612.242,475.344,514.323,682.522,788.838,696.135,675.739,489.232,816.726,1.0,73.828,432.857,294.182,599.222,413.525,292.037,829.488,612.832,787.787,670.019,683.376,689.186,678.708,711.19
82121.0,583.248,757.786,417.956,546.318,587.252,612.601,483.558,848.037,137.88,704.966,144.256,130.24,454.492,716.572,189.884,325.484,390.94,426.959,192.391,595.42,764.702,322.596,217.424,656.761,489.541,660.005,571.542,787.444,341.644,53.072,89.46,214.292,291.236,668.61,355.587,462.807,584.385,644.339,194.488,491.804,483.339,319.002,554.882,502.816,61.039,84.644,233.368,604.418,816.857,801.67,700.849,644.486,809.007,821.245,667.151,859.284,480.666,842.331,705.507,611.306,802.916,323.104,246.114,203.299,256.125,894.654,823.118,504.488,697.976,548.56,556.653,601.429,640.408,626.933,733.248,640.545,620.149,392.972,761.136,74.347,1.0,519.941,381.266,502.962,357.936,236.447,786.905,557.242,745.204,614.429,627.787,633.596,623.119,655.601
83137.0,457.0,926.597,567.246,193.095,234.028,149.263,273.081,940.165,463.662,748.891,378.13,404.01,64.572,1066.093,488.085,822.521,887.977,713.277,564.697,567.547,1211.867,698.714,735.715,625.557,279.064,927.074,885.617,1284.482,186.96,468.7,547.874,711.33,232.327,1094.282,729.919,863.344,373.908,522.535,649.099,811.995,397.665,365.492,1051.919,823.007,579.33,581.682,330.584,971.236,1137.913,822.584,672.976,1045.023,781.134,758.851,1164.189,831.411,631.324,1064.953,918.326,1011.843,1039.161,538.821,659.254,616.439,382.336,863.451,791.915,379.147,666.773,446.334,957.19,430.942,488.119,840.16,964.515,792.762,840.018,890.01,973.955,429.236,519.467,1.0,168.976,1000.0,840.425,754.737,759.032,675.601,714.0,807.837,847.656,846.823,836.36,873.883
84007.0,306.788,776.385,417.033,194.339,235.273,260.622,122.868,789.952,325.007,598.678,239.476,265.356,102.513,915.881,349.431,683.867,749.323,563.065,426.043,417.334,1061.654,548.501,597.061,475.345,128.851,776.862,735.404,1145.828,43.771,330.046,409.22,572.676,93.673,944.07,579.706,713.132,223.695,372.322,510.445,661.782,247.452,215.28,913.265,672.794,440.676,443.028,171.819,821.024,987.7,672.371,522.764,894.81,630.922,608.638,1025.534,681.199,481.111,914.74,768.113,861.631,888.948,388.608,520.6,477.785,243.681,713.238,641.702,228.934,516.56,296.122,806.977,280.729,337.907,689.947,814.302,642.55,689.806,751.356,823.742,290.582,380.813,167.963,1.0,861.346,690.212,616.083,608.819,525.389,563.788,657.624,697.443,696.611,686.148,723.671
85191.0,669.112,553.169,460.816,1026.244,889.94,1092.527,749.307,643.421,617.806,555.477,624.182,520.835,934.417,372.819,435.158,221.387,84.102,361.714,354.112,643.714,279.261,318.972,305.866,738.235,784.81,407.055,341.269,302.003,821.569,532.997,493.775,295.083,771.162,183.169,296.589,218.849,792.894,741.067,423.132,286.068,666.746,655.93,69.441,337.692,452.912,429.469,704.22,132.447,331.416,599.014,648.086,210.978,795.308,664.238,181.71,743.951,430.71,637.715,491.314,267.553,598.299,536.87,494.742,540.096,736.05,903.141,904.592,687.896,749.279,634.45,221.848,784.836,823.815,422.316,424.202,435.929,407.396,90.028,543.735,599.555,503.188,999.867,861.191,1.0,166.466,267.552,773.205,497.714,826.678,409.812,423.17,428.98,418.502,433.957
86194.0,448.277,471.832,287.009,746.463,669.105,932.986,528.472,562.084,573.129,419.012,579.505,375.759,774.876,359.619,290.082,112.864,137.131,242.976,209.036,524.435,427.11,144.672,197.342,618.956,563.974,393.854,285.588,449.852,776.892,488.321,449.098,250.406,726.485,331.017,119.926,105.853,572.059,621.788,378.455,166.789,445.911,435.094,217.289,218.413,307.836,384.793,483.385,138.94,428.392,515.716,511.621,287.532,658.842,535.291,329.558,662.614,311.972,556.378,419.553,254.352,516.962,316.035,450.066,495.42,691.374,796.109,785.313,467.061,612.814,413.614,199.699,564.001,602.98,340.979,411.001,354.592,334.195,76.08,475.182,414.221,357.816,840.326,689.29,165.369,1.0,130.716,636.74,378.435,707.399,328.475,341.833,347.642,337.165,369.647
87085.0,393.297,524.882,232.029,780.889,611.317,847.172,470.684,615.134,372.451,472.062,378.827,253.272,689.063,483.669,167.594,104.374,225.604,194.055,86.549,430.889,530.274,89.692,99.283,492.23,506.186,427.102,338.639,553.016,576.214,287.643,324.937,221.874,525.807,434.182,122.684,229.903,514.27,454.388,349.923,258.901,388.123,377.306,320.454,269.912,185.348,319.215,327.814,259.045,552.442,568.767,564.672,411.582,711.893,588.342,432.723,715.664,250.001,609.428,472.604,378.402,570.012,227.888,421.533,437.87,490.695,730.124,658.588,409.273,533.446,358.634,323.749,506.213,545.192,394.029,500.345,407.642,387.246,163.201,528.232,291.733,235.328,754.512,615.836,268.534,130.619,1.0,689.79,324.339,580.674,381.526,394.883,400.693,390.215,422.697
88160.0,342.296,338.228,394.513,673.021,595.664,852.19,522.611,330.801,913.333,222.832,827.801,758.069,694.081,622.098,670.453,744.996,765.938,485.438,604.216,195.166,799.152,536.961,706.384,138.334,483.179,483.079,440.546,915.024,632.096,836.831,874.125,879.213,681.998,700.162,563.819,534.406,498.617,277.68,1007.262,479.706,443.411,514.559,732.432,426.928,734.537,868.404,602.454,646.194,693.918,228.914,137.893,632.309,71.244,151.462,811.895,129.693,477.004,476.584,474.142,599.129,450.792,520.806,1078.873,987.058,832.007,128.837,92.53,384.693,88.503,316.353,558.707,490.56,339.968,385.887,520.519,340.131,396.023,704.886,448.018,828.326,784.517,759.53,608.495,773.078,635.232,687.165,1.0,283.475,110.955,361.301,403.66,392.215,371.484,426.016
89024.0,264.825,269.157,177.146,588.392,511.034,767.561,437.982,282.724,693.612,76.384,743.172,520.315,609.452,395.469,432.699,487.872,508.815,143.919,403.18,151.165,573.599,316.352,418.505,245.685,398.55,256.45,214.992,689.47,547.467,608.804,646.098,622.09,597.369,474.608,200.241,277.283,413.988,248.517,750.139,222.583,358.782,429.93,492.741,169.805,506.509,640.376,451.633,406.503,467.289,165.143,161.048,406.755,308.269,194.364,586.341,331.801,117.975,384.934,247.701,373.575,345.518,284.283,821.75,867.103,747.378,483.579,412.042,300.064,286.9,231.724,333.154,405.931,394.973,169.535,293.89,122.138,169.394,447.763,303.33,612.894,556.489,674.901,523.866,495.507,378.108,323.587,286.167,1.0,334.128,137.212,177.031,176.199,165.736,203.259
90010.0,265.234,449.597,351.525,602.537,525.179,724.025,477.073,440.101,867.794,271.891,782.263,715.08,648.543,723.892,627.464,665.514,837.238,429.267,561.228,179.206,902.021,493.973,663.396,98.365,437.641,584.872,543.415,1017.893,586.558,793.843,831.137,788.502,636.46,803.031,525.178,605.706,428.133,200.618,915.867,551.006,397.873,469.021,821.164,498.228,691.549,825.415,556.915,734.926,795.712,338.214,174.716,735.178,180.544,260.762,914.764,238.993,343.649,587.953,576.124,701.998,562.16,477.818,986.885,944.07,786.468,152.622,81.086,337.24,69.704,273.365,661.576,313.564,268.639,497.958,622.313,389.19,497.817,776.186,559.387,785.338,741.529,713.992,562.957,823.93,706.532,581.533,114.032,333.4,1.0,465.635,505.454,504.622,494.159,531.682
91228.0,398.61,170.944,269.771,722.178,644.82,901.347,571.768,246.749,750.843,145.179,757.22,646.857,743.238,261.241,545.987,438.649,459.592,235.67,464.941,284.95,437.42,372.345,475.737,379.47,532.336,122.222,78.813,553.291,681.253,666.035,703.329,572.867,731.155,338.429,257.473,228.06,547.774,382.303,700.916,173.36,492.568,529.885,370.699,120.582,563.741,697.608,578.175,284.461,333.061,202.342,237.789,270.576,385.01,267.567,450.162,347.28,210.6,250.707,113.474,237.396,211.291,410.825,772.526,817.88,835.977,506.469,454.12,433.85,338.981,365.509,196.975,539.716,528.758,35.308,159.663,25.631,35.166,398.54,169.103,670.126,613.721,808.687,657.652,411.345,328.885,380.818,362.908,138.95,467.914,1.0,42.804,41.971,31.509,69.031
92050.0,440.695,144.495,311.856,764.262,686.905,943.432,613.852,251.933,763.584,190.471,769.96,659.598,785.322,226.396,558.727,451.39,472.332,248.41,477.682,327.035,455.418,385.085,488.477,421.555,574.42,87.377,91.554,566.032,723.338,678.776,716.07,585.607,750.977,351.17,270.213,240.8,589.858,424.388,713.656,186.1,553.442,542.625,383.44,133.322,576.481,710.348,590.916,297.202,298.216,207.526,283.081,283.316,368.876,272.75,462.902,352.463,252.684,226.456,79.755,185.144,187.041,423.566,785.267,830.62,848.717,511.653,576.537,475.934,384.273,407.594,209.715,581.801,570.843,12.96,124.818,70.923,16.387,411.28,135.384,682.866,626.461,850.771,699.736,424.085,341.626,393.559,408.2,181.034,509.998,46.256,1.0,24.124,33.036,29.849
93008.0,437.065,124.666,308.226,760.632,683.275,939.802,610.222,229.146,769.807,176.585,776.183,665.821,781.692,244.293,564.951,457.613,478.555,254.633,483.905,323.405,456.383,391.309,494.7,417.925,570.79,105.274,97.777,572.255,719.708,684.999,722.293,591.831,757.2,357.393,276.437,247.023,586.228,420.758,719.88,192.323,531.023,548.848,389.663,139.545,582.704,716.571,597.139,303.425,316.113,184.739,269.194,289.539,346.089,249.963,469.125,329.676,249.054,209.212,75.674,202.558,169.796,429.789,791.49,836.844,854.941,488.866,553.75,472.304,370.386,403.964,215.938,578.171,567.213,16.296,142.715,56.944,33.485,417.504,131.303,689.09,632.685,847.142,696.106,430.309,347.849,399.782,394.313,177.404,506.368,42.626,23.814,1.0,20.18,34.414
94028.0,428.965,141.131,300.126,752.532,675.175,931.702,602.123,227.07,761.702,155.2,768.078,657.716,773.592,253.891,556.846,449.508,470.45,246.528,475.8,315.305,448.278,383.204,486.596,409.825,562.69,114.872,89.672,564.15,711.608,676.894,714.188,583.726,749.095,349.288,268.332,238.918,578.128,412.658,711.775,184.219,522.923,540.744,381.558,131.441,574.6,708.467,589.034,295.32,325.711,182.663,247.809,281.435,344.013,247.888,461.021,327.601,240.954,225.677,101.624,248.255,186.261,421.684,783.385,828.739,846.836,486.79,551.675,464.205,349.001,395.864,207.833,570.071,559.113,14.425,152.313,35.558,30.9,409.399,157.253,680.985,624.58,839.042,688.006,422.204,339.744,391.677,372.928,169.304,419.776,34.526,32.954,19.697,1.0,53.498
95500.0,464.13,156.129,335.29,787.697,710.339,966.866,637.287,263.567,791.537,211.006,797.913,687.551,808.757,222.593,586.681,479.343,500.286,276.363,505.635,350.469,451.615,413.039,516.43,444.99,597.855,83.574,101.552,576.03,746.772,706.729,744.023,613.561,778.93,361.168,298.167,268.753,613.293,447.822,741.61,214.054,581.396,570.579,393.438,161.275,604.434,738.302,618.869,307.2,294.413,219.16,303.615,293.315,380.51,284.384,472.901,364.097,276.119,228.4,62.323,197.42,188.984,451.519,813.22,858.574,876.671,523.287,588.172,499.369,404.808,431.029,219.714,605.236,594.278,34.069,121.015,91.365,33.019,439.234,117.952,710.82,654.415,874.206,723.171,434.084,369.579,421.512,428.734,204.469,533.433,69.691,30.123,35.759,54.601,1.0
